,extractor,reliable_positive_threshold,classifier,detector,balanced_accuracy,accuracy,f1
0,clip-ViT-L-14,0.5,logistic,k-means,0.5203603322787276,0.4424583249648524,0.12207463630613538
1,clip-ViT-L-14,0.5,logistic,knn,0.5590666271838911,0.5045189797148022,0.3630260779757294
2,clip-ViT-L-14,0.5,kneighbours,k-means,0.5101518528331489,0.4662582847961438,0.3581693032242482
3,clip-ViT-L-14,0.5,kneighbours,knn,0.5468840505171724,0.5574412532637075,0.6169491525423729
4,clip-ViT-L-14,0.5,qda,k-means,0.45784469761908475,0.48132155051215103,0.5732463025696108
5,clip-ViT-L-14,0.5,qda,knn,0.5510010026546971,0.49889536051415945,0.36626873253746506
6,clip-ViT-L-14,0.5,naivebayes,k-means,0.419427084145068,0.4321148825065274,0.5044255542897204
7,clip-ViT-L-14,0.5,naivebayes,knn,0.5217284935762563,0.44476802570797347,0.13352139163140575
